entity_count,specific_verb,generic_verb,propositions,locative,hedge,deictic,metacomment,self_correction,diminutive,quantity,n_word,entity_count_per100,specific_verb_per100,generic_verb_per100,propositions_per100,locative_per100,hedge_per100,deictic_per100,metacomment_per100,self_correction_per100,diminutive_per100,quantity_per100,specific_verb_ratio,region_breadth,label,file
16,7,2,12,3,2,1,1,0,1,1,66,24.242424242424242,10.606060606060606,3.0303030303030303,18.181818181818183,4.545454545454546,3.0303030303030303,1.5151515151515151,1.5151515151515151,0.0,1.5151515151515151,1.5151515151515151,0.7777777777777778,1,0,100tr0.txt
22,11,3,8,3,1,2,0,0,0,0,69,31.884057971014492,15.942028985507246,4.3478260869565215,11.594202898550725,4.3478260869565215,1.4492753623188406,2.898550724637681,0.0,0.0,0.0,0.0,0.7857142857142857,2,0,101tr0.txt
18,10,3,11,4,1,0,0,0,2,1,98,18.367346938775512,10.204081632653061,3.061224489795918,11.224489795918368,4.081632653061225,1.0204081632653061,0.0,0.0,0.0,2.0408163265306123,1.0204081632653061,0.7692307692307693,3,0,102tr0.txt
15,9,2,15,4,1,1,0,0,3,4,128,11.71875,7.03125,1.5625,11.71875,3.125,0.78125,0.78125,0.0,0.0,2.34375,3.125,0.8181818181818182,2,0,103tr0.txt
12,6,3,10,3,3,1,0,0,1,0,85,14.117647058823529,7.0588235294117645,3.5294117647058822,11.764705882352942,3.5294117647058822,3.5294117647058822,1.1764705882352942,0.0,0.0,1.1764705882352942,0.0,0.6666666666666666,3,0,104tr0.txt
15,10,3,12,2,0,1,0,0,1,1,72,20.833333333333332,13.88888888888889,4.166666666666667,16.666666666666668,2.7777777777777777,0.0,1.3888888888888888,0.0,0.0,1.3888888888888888,1.3888888888888888,0.7692307692307693,3,0,105tr0.txt
19,11,3,17,4,1,1,0,0,1,2,126,15.079365079365079,8.73015873015873,2.380952380952381,13.492063492063492,3.1746031746031744,0.7936507936507936,0.7936507936507936,0.0,0.0,0.7936507936507936,1.5873015873015872,0.7857142857142857,1,0,106tr0.txt
17,11,3,11,2,0,0,0,0,1,1,69,24.63768115942029,15.942028985507246,4.3478260869565215,15.942028985507246,2.898550724637681,0.0,0.0,0.0,0.0,1.4492753623188406,1.4492753623188406,0.7857142857142857,3,0,107tr0.txt
18,9,5,10,10,1,0,0,0,1,1,122,14.754098360655737,7.377049180327869,4.098360655737705,8.19672131147541,8.19672131147541,0.819672131147541,0.0,0.0,0.0,0.819672131147541,0.819672131147541,0.6428571428571429,3,0,108tr0.txt
18,10,3,12,3,2,2,0,0,3,1,94,19.148936170212767,10.638297872340425,3.1914893617021276,12.76595744680851,3.1914893617021276,2.127659574468085,2.127659574468085,0.0,0.0,3.1914893617021276,1.0638297872340425,0.7692307692307693,2,0,109tr0.txt
16,10,2,11,2,1,1,0,0,0,0,63,25.396825396825395,15.873015873015873,3.1746031746031744,17.46031746031746,3.1746031746031744,1.5873015873015872,1.5873015873015872,0.0,0.0,0.0,0.0,0.8333333333333334,1,0,10tr0.txt
16,7,1,5,1,1,1,0,0,0,1,45,35.55555555555556,15.555555555555555,2.2222222222222223,11.11111111111111,2.2222222222222223,2.2222222222222223,2.2222222222222223,0.0,0.0,0.0,2.2222222222222223,0.875,1,0,110tr0.txt
15,10,0,6,2,0,1,0,0,1,0,58,25.862068965517242,17.24137931034483,0.0,10.344827586206897,3.4482758620689653,0.0,1.7241379310344827,0.0,0.0,1.7241379310344827,0.0,1.0,1,0,111tr0.txt
14,8,1,8,3,2,1,1,0,2,2,65,21.53846153846154,12.307692307692308,1.5384615384615385,12.307692307692308,4.615384615384615,3.076923076923077,1.5384615384615385,1.5384615384615385,0.0,3.076923076923077,3.076923076923077,0.8888888888888888,2,0,112tr0.txt
18,8,1,17,4,0,1,0,0,0,1,84,21.428571428571427,9.523809523809524,1.1904761904761905,20.238095238095237,4.761904761904762,0.0,1.1904761904761905,0.0,0.0,0.0,1.1904761904761905,0.8888888888888888,3,0,113tr0.txt
10,7,2,9,2,2,1,0,0,1,0,73,13.698630136986301,9.58904109589041,2.73972602739726,12.32876712328767,2.73972602739726,2.73972602739726,1.36986301369863,0.0,0.0,1.36986301369863,0.0,0.7777777777777778,1,0,114tr0.txt
17,11,3,21,6,3,3,0,0,2,1,104,16.346153846153847,10.576923076923077,2.8846153846153846,20.192307692307693,5.769230769230769,2.8846153846153846,2.8846153846153846,0.0,0.0,1.9230769230769231,0.9615384615384616,0.7857142857142857,2,0,115tr0.txt
18,7,4,10,4,0,1,0,0,2,3,70,25.714285714285715,10.0,5.714285714285714,14.285714285714286,5.714285714285714,0.0,1.4285714285714286,0.0,0.0,2.857142857142857,4.285714285714286,0.6363636363636364,2,0,116tr0.txt
16,8,2,15,7,1,1,0,0,1,3,91,17.582417582417584,8.791208791208792,2.197802197802198,16.483516483516482,7.6923076923076925,1.098901098901099,1.098901098901099,0.0,0.0,1.098901098901099,3.2967032967032965,0.8,2,0,117tr0.txt
13,2,0,3,0,0,1,0,0,1,0,28,46.42857142857143,7.142857142857143,0.0,10.714285714285714,0.0,0.0,3.5714285714285716,0.0,0.0,3.5714285714285716,0.0,1.0,0,0,118tr0.txt
15,10,1,6,2,0,0,0,0,0,1,56,26.785714285714285,17.857142857142858,1.7857142857142858,10.714285714285714,3.5714285714285716,0.0,0.0,0.0,0.0,0.0,1.7857142857142858,0.9090909090909091,2,0,119tr0.txt
13,7,2,11,4,0,0,0,0,2,0,83,15.662650602409638,8.433734939759036,2.4096385542168677,13.25301204819277,4.819277108433735,0.0,0.0,0.0,0.0,2.4096385542168677,0.0,0.7777777777777778,1,0,11tr0.txt
14,10,1,11,2,0,0,0,0,1,1,60,23.333333333333332,16.666666666666668,1.6666666666666667,18.333333333333332,3.3333333333333335,0.0,0.0,0.0,0.0,1.6666666666666667,1.6666666666666667,0.9090909090909091,2,0,120tr0.txt
13,10,3,18,4,1,2,0,0,9,5,134,9.701492537313433,7.462686567164179,2.2388059701492535,13.432835820895523,2.985074626865672,0.746268656716418,1.492537313432836,0.0,0.0,6.7164179104477615,3.7313432835820897,0.7692307692307693,2,0,121tr0.txt
15,10,2,12,4,0,0,0,0,1,0,71,21.12676056338028,14.084507042253522,2.816901408450704,16.901408450704224,5.633802816901408,0.0,0.0,0.0,0.0,1.408450704225352,0.0,0.8333333333333334,2,0,122tr0.txt
19,10,2,17,3,0,1,0,0,2,0,82,23.170731707317074,12.195121951219512,2.4390243902439024,20.73170731707317,3.658536585365854,0.0,1.2195121951219512,0.0,0.0,2.4390243902439024,0.0,0.8333333333333334,2,0,123tr0.txt
17,10,2,16,3,2,4,0,0,1,5,105,16.19047619047619,9.523809523809524,1.9047619047619047,15.238095238095237,2.857142857142857,1.9047619047619047,3.8095238095238093,0.0,0.0,0.9523809523809523,4.761904761904762,0.8333333333333334,2,0,124tr0.txt
14,5,2,7,2,2,1,1,0,3,1,54,25.925925925925927,9.25925925925926,3.7037037037037037,12.962962962962964,3.7037037037037037,3.7037037037037037,1.8518518518518519,1.8518518518518519,0.0,5.555555555555555,1.8518518518518519,0.7142857142857143,2,0,125tr0.txt
15,9,2,13,3,2,2,1,0,6,1,78,19.23076923076923,11.538461538461538,2.5641025641025643,16.666666666666668,3.8461538461538463,2.5641025641025643,2.5641025641025643,1.2820512820512822,0.0,7.6923076923076925,1.2820512820512822,0.8181818181818182,1,0,126tr0.txt
16,6,4,10,5,1,0,0,0,1,1,86,18.6046511627907,6.976744186046512,4.651162790697675,11.627906976744185,5.813953488372093,1.1627906976744187,0.0,0.0,0.0,1.1627906976744187,1.1627906976744187,0.6,3,0,127tr0.txt
13,10,2,8,3,0,0,0,0,0,2,75,17.333333333333332,13.333333333333334,2.6666666666666665,10.666666666666666,4.0,0.0,0.0,0.0,0.0,0.0,2.6666666666666665,0.8333333333333334,2,0,128tr0.txt
16,8,4,17,5,1,1,0,0,3,1,104,15.384615384615385,7.6923076923076925,3.8461538461538463,16.346153846153847,4.8076923076923075,0.9615384615384616,0.9615384615384616,0.0,0.0,2.8846153846153846,0.9615384615384616,0.6666666666666666,1,0,129tr0.txt
15,5,5,20,3,0,1,0,0,4,1,78,19.23076923076923,6.410256410256411,6.410256410256411,25.641025641025642,3.8461538461538463,0.0,1.2820512820512822,0.0,0.0,5.128205128205129,1.2820512820512822,0.5,2,0,12tr0.txt
15,9,1,10,3,0,1,0,0,1,0,63,23.80952380952381,14.285714285714286,1.5873015873015872,15.873015873015873,4.761904761904762,0.0,1.5873015873015872,0.0,0.0,1.5873015873015872,0.0,0.9,2,0,130tr0.txt
17,10,2,13,5,1,1,1,0,2,1,81,20.987654320987655,12.345679012345679,2.4691358024691357,16.049382716049383,6.172839506172839,1.2345679012345678,1.2345679012345678,1.2345679012345678,0.0,2.4691358024691357,1.2345679012345678,0.8333333333333334,2,0,131tr0.txt
17,9,2,10,4,1,1,0,0,1,0,79,21.518987341772153,11.39240506329114,2.5316455696202533,12.658227848101266,5.063291139240507,1.2658227848101267,1.2658227848101267,0.0,0.0,1.2658227848101267,0.0,0.8181818181818182,2,0,132tr0.txt
15,8,3,9,3,2,2,0,0,1,0,58,25.862068965517242,13.793103448275861,5.172413793103448,15.517241379310345,5.172413793103448,3.4482758620689653,3.4482758620689653,0.0,0.0,1.7241379310344827,0.0,0.7272727272727273,1,0,133tr0.txt
13,8,1,6,2,0,1,0,0,2,1,53,24.528301886792452,15.09433962264151,1.8867924528301887,11.320754716981131,3.7735849056603774,0.0,1.8867924528301887,0.0,0.0,3.7735849056603774,1.8867924528301887,0.8888888888888888,2,0,134tr0.txt
13,10,0,5,1,1,0,0,0,0,0,41,31.70731707317073,24.390243902439025,0.0,12.195121951219512,2.4390243902439024,2.4390243902439024,0.0,0.0,0.0,0.0,0.0,1.0,1,0,135tr0.txt
21,10,3,16,5,0,1,1,1,1,4,98,21.428571428571427,10.204081632653061,3.061224489795918,16.3265306122449,5.1020408163265305,0.0,1.0204081632653061,1.0204081632653061,1.0204081632653061,1.0204081632653061,4.081632653061225,0.7692307692307693,3,0,136tr0.txt
16,11,5,13,3,0,1,0,0,4,6,81,19.753086419753085,13.580246913580247,6.172839506172839,16.049382716049383,3.7037037037037037,0.0,1.2345679012345678,0.0,0.0,4.938271604938271,7.407407407407407,0.6875,2,0,137tr0.txt
16,9,1,13,2,1,1,1,0,1,0,74,21.62162162162162,12.162162162162161,1.3513513513513513,17.56756756756757,2.7027027027027026,1.3513513513513513,1.3513513513513513,1.3513513513513513,0.0,1.3513513513513513,0.0,0.9,1,0,138tr0.txt
17,8,3,15,3,0,0,0,0,2,3,91,18.681318681318682,8.791208791208792,3.2967032967032965,16.483516483516482,3.2967032967032965,0.0,0.0,0.0,0.0,2.197802197802198,3.2967032967032965,0.7272727272727273,2,0,139tr0.txt
17,9,3,16,5,0,1,0,0,2,2,96,17.708333333333332,9.375,3.125,16.666666666666668,5.208333333333333,0.0,1.0416666666666667,0.0,0.0,2.0833333333333335,2.0833333333333335,0.75,3,0,13tr0.txt
16,9,2,19,3,2,0,0,1,0,0,78,20.512820512820515,11.538461538461538,2.5641025641025643,24.358974358974358,3.8461538461538463,2.5641025641025643,0.0,0.0,1.2820512820512822,0.0,0.0,0.8181818181818182,1,0,140tr0.txt
18,10,1,6,2,1,0,0,0,2,0,70,25.714285714285715,14.285714285714286,1.4285714285714286,8.571428571428571,2.857142857142857,1.4285714285714286,0.0,0.0,0.0,2.857142857142857,0.0,0.9090909090909091,2,0,141tr0.txt
14,11,3,11,4,1,1,0,0,3,0,102,13.72549019607843,10.784313725490197,2.9411764705882355,10.784313725490197,3.9215686274509802,0.9803921568627451,0.9803921568627451,0.0,0.0,2.9411764705882355,0.0,0.7857142857142857,3,0,142tr0.txt
16,11,2,11,5,0,0,0,0,2,0,70,22.857142857142858,15.714285714285714,2.857142857142857,15.714285714285714,7.142857142857143,0.0,0.0,0.0,0.0,2.857142857142857,0.0,0.8461538461538461,2,0,143tr0.txt
14,8,2,15,3,0,0,0,0,0,2,84,16.666666666666668,9.523809523809524,2.380952380952381,17.857142857142858,3.5714285714285716,0.0,0.0,0.0,0.0,0.0,2.380952380952381,0.8,2,0,144tr0.txt
7,6,0,2,1,0,0,0,0,0,0,19,36.8421052631579,31.57894736842105,0.0,10.526315789473685,5.2631578947368425,0.0,0.0,0.0,0.0,0.0,0.0,1.0,1,0,145tr0.txt
16,10,2,15,2,0,1,1,0,2,3,63,25.396825396825395,15.873015873015873,3.1746031746031744,23.80952380952381,3.1746031746031744,0.0,1.5873015873015872,1.5873015873015872,0.0,3.1746031746031744,4.761904761904762,0.8333333333333334,2,0,146tr0.txt
17,10,1,8,2,1,1,0,0,4,0,54,31.48148148148148,18.51851851851852,1.8518518518518519,14.814814814814815,3.7037037037037037,1.8518518518518519,1.8518518518518519,0.0,0.0,7.407407407407407,0.0,0.9090909090909091,2,0,147tr0.txt
15,10,2,8,3,0,1,0,0,2,0,63,23.80952380952381,15.873015873015873,3.1746031746031744,12.698412698412698,4.761904761904762,0.0,1.5873015873015872,0.0,0.0,3.1746031746031744,0.0,0.8333333333333334,1,0,148tr0.txt
14,9,3,14,3,0,1,0,1,3,2,94,14.893617021276595,9.574468085106384,3.1914893617021276,14.893617021276595,3.1914893617021276,0.0,1.0638297872340425,0.0,1.0638297872340425,3.1914893617021276,2.127659574468085,0.75,2,0,149tr0.txt
17,10,2,14,3,0,1,0,0,0,0,55,30.90909090909091,18.181818181818183,3.6363636363636362,25.454545454545453,5.454545454545454,0.0,1.8181818181818181,0.0,0.0,0.0,0.0,0.8333333333333334,2,0,14tr0.txt
18,9,4,17,3,1,1,0,0,0,4,73,24.65753424657534,12.32876712328767,5.47945205479452,23.28767123287671,4.109589041095891,1.36986301369863,1.36986301369863,0.0,0.0,0.0,5.47945205479452,0.6923076923076923,2,0,150tr0.txt
12,9,2,11,7,0,0,0,0,0,0,66,18.181818181818183,13.636363636363637,3.0303030303030303,16.666666666666668,10.606060606060606,0.0,0.0,0.0,0.0,0.0,0.0,0.8181818181818182,1,0,151tr0.txt
13,8,1,10,3,0,0,0,0,0,0,67,19.402985074626866,11.940298507462687,1.492537313432836,14.925373134328359,4.477611940298507,0.0,0.0,0.0,0.0,0.0,0.0,0.8888888888888888,1,0,152tr0.txt
14,10,3,9,3,0,0,0,0,4,1,67,20.895522388059703,14.925373134328359,4.477611940298507,13.432835820895523,4.477611940298507,0.0,0.0,0.0,0.0,5.970149253731344,1.492537313432836,0.7692307692307693,2,0,153tr0.txt
16,13,1,19,2,0,1,1,0,1,0,65,24.615384615384617,20.0,1.5384615384615385,29.23076923076923,3.076923076923077,0.0,1.5384615384615385,1.5384615384615385,0.0,1.5384615384615385,0.0,0.9285714285714286,2,0,154tr0.txt
17,10,2,20,3,1,1,0,0,4,1,103,16.50485436893204,9.70873786407767,1.941747572815534,19.41747572815534,2.912621359223301,0.970873786407767,0.970873786407767,0.0,0.0,3.883495145631068,0.970873786407767,0.8333333333333334,2,0,155tr0.txt
13,9,4,14,5,0,1,0,0,3,2,93,13.978494623655914,9.67741935483871,4.301075268817204,15.053763440860216,5.376344086021505,0.0,1.075268817204301,0.0,0.0,3.225806451612903,2.150537634408602,0.6923076923076923,2,0,156tr0.txt
16,8,2,14,4,3,2,1,0,1,1,118,13.559322033898304,6.779661016949152,1.694915254237288,11.864406779661017,3.389830508474576,2.542372881355932,1.694915254237288,0.847457627118644,0.0,0.847457627118644,0.847457627118644,0.8,2,0,157tr0.txt
14,10,1,9,1,0,0,0,0,1,1,49,28.571428571428573,20.408163265306122,2.0408163265306123,18.367346938775512,2.0408163265306123,0.0,0.0,0.0,0.0,2.0408163265306123,2.0408163265306123,0.9090909090909091,1,0,158tr0.txt
14,10,1,15,5,3,2,0,0,2,0,66,21.21212121212121,15.151515151515152,1.5151515151515151,22.727272727272727,7.575757575757576,4.545454545454546,3.0303030303030303,0.0,0.0,3.0303030303030303,0.0,0.9090909090909091,3,0,159tr0.txt
16,9,3,13,9,2,1,0,0,2,1,119,13.445378151260504,7.563025210084033,2.5210084033613445,10.92436974789916,7.563025210084033,1.680672268907563,0.8403361344537815,0.0,0.0,1.680672268907563,0.8403361344537815,0.75,2,0,15tr0.txt
7,7,1,7,3,0,0,0,0,2,0,37,18.91891891891892,18.91891891891892,2.7027027027027026,18.91891891891892,8.108108108108109,0.0,0.0,0.0,0.0,5.405405405405405,0.0,0.875,1,0,160tr0.txt
15,10,2,9,2,0,0,0,0,2,0,68,22.058823529411764,14.705882352941176,2.9411764705882355,13.235294117647058,2.9411764705882355,0.0,0.0,0.0,0.0,2.9411764705882355,0.0,0.8333333333333334,2,0,161tr0.txt
14,9,1,11,3,0,1,0,0,0,0,46,30.434782608695652,19.565217391304348,2.1739130434782608,23.91304347826087,6.521739130434782,0.0,2.1739130434782608,0.0,0.0,0.0,0.0,0.9,2,0,162tr0.txt
20,8,4,10,3,0,1,0,0,1,2,94,21.27659574468085,8.51063829787234,4.25531914893617,10.638297872340425,3.1914893617021276,0.0,1.0638297872340425,0.0,0.0,1.0638297872340425,2.127659574468085,0.6666666666666666,1,0,163tr0.txt
15,7,1,8,1,0,1,0,0,1,0,61,24.59016393442623,11.475409836065573,1.639344262295082,13.114754098360656,1.639344262295082,0.0,1.639344262295082,0.0,0.0,1.639344262295082,0.0,0.875,1,0,164tr0.txt
13,9,0,5,0,0,1,0,0,0,0,34,38.23529411764706,26.470588235294116,0.0,14.705882352941176,0.0,0.0,2.9411764705882355,0.0,0.0,0.0,0.0,1.0,1,0,165tr0.txt
14,8,3,10,4,1,1,0,0,3,2,83,16.867469879518072,9.63855421686747,3.6144578313253013,12.048192771084338,4.819277108433735,1.2048192771084338,1.2048192771084338,0.0,0.0,3.6144578313253013,2.4096385542168677,0.7272727272727273,1,0,166tr0.txt
14,9,1,17,1,1,1,0,0,1,0,54,25.925925925925927,16.666666666666668,1.8518518518518519,31.48148148148148,1.8518518518518519,1.8518518518518519,1.8518518518518519,0.0,0.0,1.8518518518518519,0.0,0.9,1,0,167tr0.txt
13,6,4,11,3,2,1,0,0,4,1,89,14.606741573033707,6.741573033707865,4.49438202247191,12.359550561797754,3.3707865168539324,2.247191011235955,1.1235955056179776,0.0,0.0,4.49438202247191,1.1235955056179776,0.6,2,0,168tr0.txt
16,7,3,19,4,2,1,0,0,1,0,102,15.686274509803921,6.862745098039215,2.9411764705882355,18.627450980392158,3.9215686274509802,1.9607843137254901,0.9803921568627451,0.0,0.0,0.9803921568627451,0.0,0.7,1,0,169tr0.txt
14,11,5,12,2,0,1,0,0,3,0,68,20.58823529411765,16.176470588235293,7.352941176470588,17.647058823529413,2.9411764705882355,0.0,1.4705882352941178,0.0,0.0,4.411764705882353,0.0,0.6875,1,0,16tr0.txt
21,11,3,11,5,0,1,0,0,2,1,81,25.925925925925927,13.580246913580247,3.7037037037037037,13.580246913580247,6.172839506172839,0.0,1.2345679012345678,0.0,0.0,2.4691358024691357,1.2345679012345678,0.7857142857142857,3,0,170tr0.txt
13,9,1,11,4,0,0,0,0,2,0,67,19.402985074626866,13.432835820895523,1.492537313432836,16.417910447761194,5.970149253731344,0.0,0.0,0.0,0.0,2.985074626865672,0.0,0.9,2,0,171tr0.txt
17,10,1,10,6,0,1,0,0,3,1,87,19.54022988505747,11.494252873563218,1.1494252873563218,11.494252873563218,6.896551724137931,0.0,1.1494252873563218,0.0,0.0,3.4482758620689653,1.1494252873563218,0.9090909090909091,3,0,17tr0.txt
18,11,3,15,5,0,3,0,0,6,6,140,12.857142857142858,7.857142857142857,2.142857142857143,10.714285714285714,3.5714285714285716,0.0,2.142857142857143,0.0,0.0,4.285714285714286,4.285714285714286,0.7857142857142857,2,0,18tr0.txt
9,3,1,8,1,2,1,0,0,0,0,48,18.75,6.25,2.0833333333333335,16.666666666666668,2.0833333333333335,4.166666666666667,2.0833333333333335,0.0,0.0,0.0,0.0,0.75,1,0,19tr0.txt
17,11,3,18,7,3,3,0,0,3,1,140,12.142857142857142,7.857142857142857,2.142857142857143,12.857142857142858,5.0,2.142857142857143,2.142857142857143,0.0,0.0,2.142857142857143,0.7142857142857143,0.7857142857142857,2,0,1tr0.txt
11,7,0,4,0,0,0,0,0,1,0,41,26.829268292682926,17.073170731707318,0.0,9.75609756097561,0.0,0.0,0.0,0.0,0.0,2.4390243902439024,0.0,1.0,1,0,20tr0.txt
19,9,2,12,4,3,2,0,0,2,1,82,23.170731707317074,10.975609756097562,2.4390243902439024,14.634146341463415,4.878048780487805,3.658536585365854,2.4390243902439024,0.0,0.0,2.4390243902439024,1.2195121951219512,0.8181818181818182,3,0,21tr0.txt
20,11,2,21,4,1,1,0,0,1,0,76,26.31578947368421,14.473684210526315,2.6315789473684212,27.63157894736842,5.2631578947368425,1.3157894736842106,1.3157894736842106,0.0,0.0,1.3157894736842106,0.0,0.8461538461538461,3,0,22tr0.txt
15,10,2,13,2,1,2,0,0,2,0,63,23.80952380952381,15.873015873015873,3.1746031746031744,20.634920634920636,3.1746031746031744,1.5873015873015872,3.1746031746031744,0.0,0.0,3.1746031746031744,0.0,0.8333333333333334,2,0,23tr0.txt
16,4,4,16,5,1,1,0,0,0,2,82,19.51219512195122,4.878048780487805,4.878048780487805,19.51219512195122,6.097560975609756,1.2195121951219512,1.2195121951219512,0.0,0.0,0.0,2.4390243902439024,0.5,1,0,24tr0.txt
9,5,2,10,1,0,1,0,0,1,0,56,16.071428571428573,8.928571428571429,3.5714285714285716,17.857142857142858,1.7857142857142858,0.0,1.7857142857142858,0.0,0.0,1.7857142857142858,0.0,0.7142857142857143,1,0,25tr0.txt
22,8,4,11,1,0,0,0,0,0,5,94,23.404255319148938,8.51063829787234,4.25531914893617,11.702127659574469,1.0638297872340425,0.0,0.0,0.0,0.0,0.0,5.319148936170213,0.6666666666666666,2,0,26tr0.txt
17,11,1,14,5,1,1,1,0,1,0,75,22.666666666666668,14.666666666666666,1.3333333333333333,18.666666666666668,6.666666666666667,1.3333333333333333,1.3333333333333333,1.3333333333333333,0.0,1.3333333333333333,0.0,0.9166666666666666,2,0,27tr0.txt
13,9,3,10,3,1,0,0,0,1,0,59,22.033898305084747,15.254237288135593,5.084745762711864,16.949152542372882,5.084745762711864,1.694915254237288,0.0,0.0,0.0,1.694915254237288,0.0,0.75,2,0,28tr0.txt
21,9,3,23,4,2,2,1,0,0,1,116,18.103448275862068,7.758620689655173,2.586206896551724,19.82758620689655,3.4482758620689653,1.7241379310344827,1.7241379310344827,0.8620689655172413,0.0,0.0,0.8620689655172413,0.75,3,0,29tr0.txt
12,9,3,15,3,2,2,0,0,3,0,88,13.636363636363637,10.227272727272727,3.409090909090909,17.045454545454547,3.409090909090909,2.272727272727273,2.272727272727273,0.0,0.0,3.409090909090909,0.0,0.75,1,0,2tr0.txt
16,8,1,5,2,0,0,0,0,0,0,48,33.333333333333336,16.666666666666668,2.0833333333333335,10.416666666666666,4.166666666666667,0.0,0.0,0.0,0.0,0.0,0.0,0.8888888888888888,2,0,30tr0.txt
17,10,1,12,1,2,1,0,0,1,0,73,23.28767123287671,13.698630136986301,1.36986301369863,16.438356164383563,1.36986301369863,2.73972602739726,1.36986301369863,0.0,0.0,1.36986301369863,0.0,0.9090909090909091,1,0,31tr0.txt
9,5,1,3,2,0,0,0,0,0,0,29,31.03448275862069,17.24137931034483,3.4482758620689653,10.344827586206897,6.896551724137931,0.0,0.0,0.0,0.0,0.0,0.0,0.8333333333333334,1,0,32tr0.txt
18,7,2,13,4,0,1,0,1,0,1,97,18.556701030927837,7.216494845360825,2.0618556701030926,13.402061855670103,4.123711340206185,0.0,1.0309278350515463,0.0,1.0309278350515463,0.0,1.0309278350515463,0.7777777777777778,3,0,33tr0.txt
12,7,0,11,1,1,0,0,0,0,0,40,30.0,17.5,0.0,27.5,2.5,2.5,0.0,0.0,0.0,0.0,0.0,1.0,0,0,34tr0.txt
13,12,3,12,2,0,1,0,0,2,0,60,21.666666666666668,20.0,5.0,20.0,3.3333333333333335,0.0,1.6666666666666667,0.0,0.0,3.3333333333333335,0.0,0.8,1,0,35tr0.txt
12,7,5,21,1,2,3,0,0,3,5,107,11.214953271028037,6.542056074766355,4.672897196261682,19.626168224299064,0.9345794392523364,1.8691588785046729,2.803738317757009,0.0,0.0,2.803738317757009,4.672897196261682,0.5833333333333334,0,0,36tr0.txt
11,5,3,17,2,1,3,0,0,1,1,107,10.280373831775702,4.672897196261682,2.803738317757009,15.88785046728972,1.8691588785046729,0.9345794392523364,2.803738317757009,0.0,0.0,0.9345794392523364,0.9345794392523364,0.625,2,0,37tr0.txt
16,14,3,19,1,0,1,0,0,0,1,66,24.242424242424242,21.21212121212121,4.545454545454546,28.78787878787879,1.5151515151515151,0.0,1.5151515151515151,0.0,0.0,0.0,1.5151515151515151,0.8235294117647058,1,0,38tr0.txt
20,12,0,10,3,1,2,0,0,1,0,68,29.41176470588235,17.647058823529413,0.0,14.705882352941176,4.411764705882353,1.4705882352941178,2.9411764705882355,0.0,0.0,1.4705882352941178,0.0,1.0,2,0,39tr0.txt
17,10,1,12,2,0,1,0,0,1,0,52,32.69230769230769,19.23076923076923,1.9230769230769231,23.076923076923077,3.8461538461538463,0.0,1.9230769230769231,0.0,0.0,1.9230769230769231,0.0,0.9090909090909091,2,0,3tr0.txt
18,10,2,16,3,1,3,0,0,4,1,111,16.216216216216218,9.00900900900901,1.8018018018018018,14.414414414414415,2.7027027027027026,0.9009009009009009,2.7027027027027026,0.0,0.0,3.6036036036036037,0.9009009009009009,0.8333333333333334,1,0,40tr0.txt
19,11,4,16,8,1,2,0,0,3,0,100,19.0,11.0,4.0,16.0,8.0,1.0,2.0,0.0,0.0,3.0,0.0,0.7333333333333333,2,0,41tr0.txt
15,5,2,11,4,0,1,0,0,0,2,73,20.54794520547945,6.8493150684931505,2.73972602739726,15.068493150684931,5.47945205479452,0.0,1.36986301369863,0.0,0.0,0.0,2.73972602739726,0.7142857142857143,2,0,42tr0.txt
13,10,2,20,3,1,0,0,0,2,0,91,14.285714285714286,10.989010989010989,2.197802197802198,21.978021978021978,3.2967032967032965,1.098901098901099,0.0,0.0,0.0,2.197802197802198,0.0,0.8333333333333334,1,0,43tr0.txt
19,11,4,19,7,2,1,0,0,1,2,102,18.627450980392158,10.784313725490197,3.9215686274509802,18.627450980392158,6.862745098039215,1.9607843137254901,0.9803921568627451,0.0,0.0,0.9803921568627451,1.9607843137254901,0.7333333333333333,3,0,44tr0.txt
19,10,2,12,5,2,3,0,0,0,1,93,20.43010752688172,10.75268817204301,2.150537634408602,12.903225806451612,5.376344086021505,2.150537634408602,3.225806451612903,0.0,0.0,0.0,1.075268817204301,0.8333333333333334,3,0,45tr0.txt
14,10,2,15,2,1,3,0,1,5,1,81,17.28395061728395,12.345679012345679,2.4691358024691357,18.51851851851852,2.4691358024691357,1.2345679012345678,3.7037037037037037,0.0,1.2345679012345678,6.172839506172839,1.2345679012345678,0.8333333333333334,1,0,46tr0.txt
12,8,1,7,6,0,0,0,0,2,1,75,16.0,10.666666666666666,1.3333333333333333,9.333333333333334,8.0,0.0,0.0,0.0,0.0,2.6666666666666665,1.3333333333333333,0.8888888888888888,3,0,47tr0.txt
13,9,0,5,1,0,0,0,0,0,0,38,34.21052631578947,23.68421052631579,0.0,13.157894736842104,2.6315789473684212,0.0,0.0,0.0,0.0,0.0,0.0,1.0,1,0,48tr0.txt
15,8,2,6,1,0,1,0,0,2,0,49,30.612244897959183,16.3265306122449,4.081632653061225,12.244897959183673,2.0408163265306123,0.0,2.0408163265306123,0.0,0.0,4.081632653061225,0.0,0.8,2,0,49tr0.txt
19,6,1,14,5,0,1,0,0,2,0,79,24.050632911392405,7.594936708860759,1.2658227848101267,17.72151898734177,6.329113924050633,0.0,1.2658227848101267,0.0,0.0,2.5316455696202533,0.0,0.8571428571428571,3,0,4tr0.txt
16,7,1,13,3,0,0,0,0,0,0,60,26.666666666666668,11.666666666666666,1.6666666666666667,21.666666666666668,5.0,0.0,0.0,0.0,0.0,0.0,0.0,0.875,2,0,50tr0.txt
8,6,1,13,1,1,3,1,0,2,0,54,14.814814814814815,11.11111111111111,1.8518518518518519,24.074074074074073,1.8518518518518519,1.8518518518518519,5.555555555555555,1.8518518518518519,0.0,3.7037037037037037,0.0,0.8571428571428571,0,0,51tr0.txt
14,7,3,5,9,0,0,0,0,1,0,63,22.22222222222222,11.11111111111111,4.761904761904762,7.936507936507937,14.285714285714286,0.0,0.0,0.0,0.0,1.5873015873015872,0.0,0.7,1,0,52tr0.txt
18,8,1,9,4,1,1,0,0,4,4,83,21.686746987951807,9.63855421686747,1.2048192771084338,10.843373493975903,4.819277108433735,1.2048192771084338,1.2048192771084338,0.0,0.0,4.819277108433735,4.819277108433735,0.8888888888888888,2,0,53tr0.txt
15,10,2,29,2,0,1,0,0,6,5,99,15.151515151515152,10.1010101010101,2.0202020202020203,29.292929292929294,2.0202020202020203,0.0,1.0101010101010102,0.0,0.0,6.0606060606060606,5.05050505050505,0.8333333333333334,0,0,54tr0.txt
15,9,0,8,2,0,0,0,0,1,0,55,27.272727272727273,16.363636363636363,0.0,14.545454545454545,3.6363636363636362,0.0,0.0,0.0,0.0,1.8181818181818181,0.0,1.0,1,0,55tr0.txt
16,9,3,21,2,2,0,0,0,3,0,101,15.841584158415841,8.910891089108912,2.9702970297029703,20.792079207920793,1.9801980198019802,1.9801980198019802,0.0,0.0,0.0,2.9702970297029703,0.0,0.75,2,0,56tr0.txt
13,9,2,8,3,0,0,0,0,2,0,48,27.083333333333332,18.75,4.166666666666667,16.666666666666668,6.25,0.0,0.0,0.0,0.0,4.166666666666667,0.0,0.8181818181818182,1,0,57tr0.txt
17,9,4,16,4,1,1,0,1,1,3,104,16.346153846153847,8.653846153846153,3.8461538461538463,15.384615384615385,3.8461538461538463,0.9615384615384616,0.9615384615384616,0.0,0.9615384615384616,0.9615384615384616,2.8846153846153846,0.6923076923076923,1,0,58tr0.txt
18,10,1,12,4,0,0,0,0,1,0,79,22.78481012658228,12.658227848101266,1.2658227848101267,15.189873417721518,5.063291139240507,0.0,0.0,0.0,0.0,1.2658227848101267,0.0,0.9090909090909091,3,0,59tr0.txt
13,7,4,8,5,2,3,0,0,6,1,90,14.444444444444445,7.777777777777778,4.444444444444445,8.88888888888889,5.555555555555555,2.2222222222222223,3.3333333333333335,0.0,0.0,6.666666666666667,1.1111111111111112,0.6363636363636364,2,0,5tr0.txt
19,12,3,16,2,0,1,0,0,0,0,63,30.158730158730158,19.047619047619047,4.761904761904762,25.396825396825395,3.1746031746031744,0.0,1.5873015873015872,0.0,0.0,0.0,0.0,0.8,2,0,60tr0.txt
12,5,2,8,4,0,0,0,0,0,2,59,20.338983050847457,8.474576271186441,3.389830508474576,13.559322033898304,6.779661016949152,0.0,0.0,0.0,0.0,0.0,3.389830508474576,0.7142857142857143,1,0,61tr0.txt
11,8,1,7,1,0,1,0,0,1,0,47,23.404255319148938,17.02127659574468,2.127659574468085,14.893617021276595,2.127659574468085,0.0,2.127659574468085,0.0,0.0,2.127659574468085,0.0,0.8888888888888888,1,0,62tr0.txt
14,8,1,13,1,0,1,0,1,3,0,63,22.22222222222222,12.698412698412698,1.5873015873015872,20.634920634920636,1.5873015873015872,0.0,1.5873015873015872,0.0,1.5873015873015872,4.761904761904762,0.0,0.8888888888888888,3,0,63tr0.txt
17,14,2,23,3,0,1,0,0,1,1,86,19.767441860465116,16.27906976744186,2.3255813953488373,26.74418604651163,3.488372093023256,0.0,1.1627906976744187,0.0,0.0,1.1627906976744187,1.1627906976744187,0.875,2,0,64tr0.txt
16,12,1,8,2,0,0,0,0,1,0,69,23.18840579710145,17.391304347826086,1.4492753623188406,11.594202898550725,2.898550724637681,0.0,0.0,0.0,0.0,1.4492753623188406,0.0,0.9230769230769231,3,0,65tr0.txt
15,8,1,7,3,1,2,0,0,0,0,70,21.428571428571427,11.428571428571429,1.4285714285714286,10.0,4.285714285714286,1.4285714285714286,2.857142857142857,0.0,0.0,0.0,0.0,0.8888888888888888,2,0,66tr0.txt
18,8,1,11,5,0,1,0,0,1,0,79,22.78481012658228,10.126582278481013,1.2658227848101267,13.924050632911392,6.329113924050633,0.0,1.2658227848101267,0.0,0.0,1.2658227848101267,0.0,0.8888888888888888,1,0,67tr0.txt
14,7,1,11,5,0,0,0,0,2,0,67,20.895522388059703,10.447761194029852,1.492537313432836,16.417910447761194,7.462686567164179,0.0,0.0,0.0,0.0,2.985074626865672,0.0,0.875,3,0,68tr0.txt
18,10,1,15,2,1,1,0,0,0,0,59,30.508474576271187,16.949152542372882,1.694915254237288,25.423728813559322,3.389830508474576,1.694915254237288,1.694915254237288,0.0,0.0,0.0,0.0,0.9090909090909091,1,0,69tr0.txt
17,11,3,17,4,2,1,0,0,0,0,139,12.23021582733813,7.913669064748201,2.158273381294964,12.23021582733813,2.8776978417266186,1.4388489208633093,0.7194244604316546,0.0,0.0,0.0,0.0,0.7857142857142857,3,0,6tr0.txt
17,13,3,23,2,2,2,1,0,0,0,98,17.346938775510203,13.26530612244898,3.061224489795918,23.46938775510204,2.0408163265306123,2.0408163265306123,2.0408163265306123,1.0204081632653061,0.0,0.0,0.0,0.8125,1,0,70tr0.txt
14,6,1,13,1,0,0,0,0,4,1,49,28.571428571428573,12.244897959183673,2.0408163265306123,26.53061224489796,2.0408163265306123,0.0,0.0,0.0,0.0,8.16326530612245,2.0408163265306123,0.8571428571428571,2,0,71tr0.txt
9,6,1,11,2,0,1,0,0,0,0,50,18.0,12.0,2.0,22.0,4.0,0.0,2.0,0.0,0.0,0.0,0.0,0.8571428571428571,1,0,72tr0.txt
17,10,1,13,6,0,1,0,0,0,0,96,17.708333333333332,10.416666666666666,1.0416666666666667,13.541666666666666,6.25,0.0,1.0416666666666667,0.0,0.0,0.0,0.0,0.9090909090909091,2,0,73tr0.txt
17,11,1,12,9,0,0,0,0,1,0,75,22.666666666666668,14.666666666666666,1.3333333333333333,16.0,12.0,0.0,0.0,0.0,0.0,1.3333333333333333,0.0,0.9166666666666666,3,0,74tr0.txt
14,7,1,17,1,0,1,0,0,1,0,69,20.28985507246377,10.144927536231885,1.4492753623188406,24.63768115942029,1.4492753623188406,0.0,1.4492753623188406,0.0,0.0,1.4492753623188406,0.0,0.875,1,0,75tr0.txt
13,8,3,9,4,3,1,0,0,1,1,69,18.840579710144926,11.594202898550725,4.3478260869565215,13.043478260869565,5.797101449275362,4.3478260869565215,1.4492753623188406,0.0,0.0,1.4492753623188406,1.4492753623188406,0.7272727272727273,1,0,76tr0.txt
17,9,4,18,6,2,1,0,0,2,0,109,15.596330275229358,8.256880733944953,3.669724770642202,16.513761467889907,5.504587155963303,1.834862385321101,0.9174311926605505,0.0,0.0,1.834862385321101,0.0,0.6923076923076923,2,0,77tr0.txt
17,10,3,11,5,0,1,0,0,2,3,92,18.47826086956522,10.869565217391305,3.260869565217391,11.956521739130435,5.434782608695652,0.0,1.0869565217391304,0.0,0.0,2.1739130434782608,3.260869565217391,0.7692307692307693,2,0,78tr0.txt
15,2,3,12,1,1,4,0,0,1,3,91,16.483516483516482,2.197802197802198,3.2967032967032965,13.186813186813186,1.098901098901099,1.098901098901099,4.395604395604396,0.0,0.0,1.098901098901099,3.2967032967032965,0.4,2,0,79tr0.txt
4,3,3,10,0,1,2,0,0,0,1,46,8.695652173913043,6.521739130434782,6.521739130434782,21.73913043478261,0.0,2.1739130434782608,4.3478260869565215,0.0,0.0,0.0,2.1739130434782608,0.5,0,0,7tr0.txt
15,10,1,9,5,0,0,0,0,2,2,83,18.072289156626507,12.048192771084338,1.2048192771084338,10.843373493975903,6.024096385542169,0.0,0.0,0.0,0.0,2.4096385542168677,2.4096385542168677,0.9090909090909091,3,0,80tr0.txt
19,12,3,21,4,1,1,0,0,0,0,78,24.358974358974358,15.384615384615385,3.8461538461538463,26.923076923076923,5.128205128205129,1.2820512820512822,1.2820512820512822,0.0,0.0,0.0,0.0,0.8,3,0,81tr0.txt
19,9,3,8,4,2,1,0,0,2,0,95,20.0,9.473684210526315,3.1578947368421053,8.421052631578947,4.2105263157894735,2.1052631578947367,1.0526315789473684,0.0,0.0,2.1052631578947367,0.0,0.75,2,0,82tr0.txt
19,10,2,16,4,0,1,0,0,2,1,100,19.0,10.0,2.0,16.0,4.0,0.0,1.0,0.0,0.0,2.0,1.0,0.8333333333333334,2,0,83tr0.txt
15,8,1,7,2,0,0,0,0,1,0,45,33.333333333333336,17.77777777777778,2.2222222222222223,15.555555555555555,4.444444444444445,0.0,0.0,0.0,0.0,2.2222222222222223,0.0,0.8888888888888888,2,0,84tr0.txt
13,7,1,12,4,0,1,0,0,1,0,69,18.840579710144926,10.144927536231885,1.4492753623188406,17.391304347826086,5.797101449275362,0.0,1.4492753623188406,0.0,0.0,1.4492753623188406,0.0,0.875,2,0,85tr0.txt
16,8,4,10,4,0,1,0,0,0,0,89,17.97752808988764,8.98876404494382,4.49438202247191,11.235955056179776,4.49438202247191,0.0,1.1235955056179776,0.0,0.0,0.0,0.0,0.6666666666666666,1,0,86tr0.txt
16,9,4,8,5,2,1,0,0,3,0,118,13.559322033898304,7.627118644067797,3.389830508474576,6.779661016949152,4.237288135593221,1.694915254237288,0.847457627118644,0.0,0.0,2.542372881355932,0.0,0.6923076923076923,1,0,87tr0.txt
18,10,3,20,1,0,0,0,0,0,0,92,19.565217391304348,10.869565217391305,3.260869565217391,21.73913043478261,1.0869565217391304,0.0,0.0,0.0,0.0,0.0,0.0,0.7692307692307693,3,0,88tr0.txt
14,9,0,9,3,1,0,0,0,0,1,61,22.950819672131146,14.754098360655737,0.0,14.754098360655737,4.918032786885246,1.639344262295082,0.0,0.0,0.0,0.0,1.639344262295082,1.0,1,0,89tr0.txt
14,9,3,26,4,2,2,2,0,3,1,97,14.43298969072165,9.278350515463918,3.0927835051546393,26.804123711340207,4.123711340206185,2.0618556701030926,2.0618556701030926,2.0618556701030926,0.0,3.0927835051546393,1.0309278350515463,0.75,2,0,8tr0.txt
15,12,1,7,2,0,1,0,0,1,0,76,19.736842105263158,15.789473684210526,1.3157894736842106,9.210526315789474,2.6315789473684212,0.0,1.3157894736842106,0.0,0.0,1.3157894736842106,0.0,0.9230769230769231,1,0,90tr0.txt
11,5,1,4,3,0,0,0,0,0,1,38,28.94736842105263,13.157894736842104,2.6315789473684212,10.526315789473685,7.894736842105263,0.0,0.0,0.0,0.0,0.0,2.6315789473684212,0.8333333333333334,2,0,91tr0.txt
17,10,3,12,4,0,1,0,0,2,1,96,17.708333333333332,10.416666666666666,3.125,12.5,4.166666666666667,0.0,1.0416666666666667,0.0,0.0,2.0833333333333335,1.0416666666666667,0.7692307692307693,1,0,92tr0.txt
14,9,2,17,3,3,3,0,0,2,1,71,19.718309859154928,12.67605633802817,2.816901408450704,23.943661971830984,4.225352112676056,4.225352112676056,4.225352112676056,0.0,0.0,2.816901408450704,1.408450704225352,0.8181818181818182,1,0,93tr0.txt
9,5,2,6,3,1,1,0,0,1,0,76,11.842105263157896,6.578947368421052,2.6315789473684212,7.894736842105263,3.9473684210526314,1.3157894736842106,1.3157894736842106,0.0,0.0,1.3157894736842106,0.0,0.7142857142857143,0,0,94tr0.txt
20,11,3,19,5,0,1,0,0,3,0,79,25.31645569620253,13.924050632911392,3.7974683544303796,24.050632911392405,6.329113924050633,0.0,1.2658227848101267,0.0,0.0,3.7974683544303796,0.0,0.7857142857142857,2,0,95tr0.txt
14,9,2,17,2,0,2,0,0,3,4,70,20.0,12.857142857142858,2.857142857142857,24.285714285714285,2.857142857142857,0.0,2.857142857142857,0.0,0.0,4.285714285714286,5.714285714285714,0.8181818181818182,1,0,96tr0.txt
16,7,1,7,3,0,0,0,0,1,0,53,30.18867924528302,13.20754716981132,1.8867924528301887,13.20754716981132,5.660377358490566,0.0,0.0,0.0,0.0,1.8867924528301887,0.0,0.875,2,0,97tr0.txt
16,9,1,14,1,0,1,0,0,5,0,77,20.77922077922078,11.688311688311689,1.2987012987012987,18.181818181818183,1.2987012987012987,0.0,1.2987012987012987,0.0,0.0,6.4935064935064934,0.0,0.9,1,0,98tr0.txt
16,10,0,14,4,0,0,0,0,1,0,60,26.666666666666668,16.666666666666668,0.0,23.333333333333332,6.666666666666667,0.0,0.0,0.0,0.0,1.6666666666666667,0.0,1.0,2,0,99tr0.txt
17,9,1,7,7,3,2,0,0,1,2,101,16.831683168316832,8.910891089108912,0.9900990099009901,6.930693069306931,6.930693069306931,2.9702970297029703,1.9801980198019802,0.0,0.0,0.9900990099009901,1.9801980198019802,0.9,2,0,9tr0.txt
10,7,4,12,0,2,1,0,0,4,2,61,16.39344262295082,11.475409836065573,6.557377049180328,19.672131147540984,0.0,3.278688524590164,1.639344262295082,0.0,0.0,6.557377049180328,3.278688524590164,0.6363636363636364,1,1,10tr1.txt
13,6,2,16,2,1,2,0,0,4,0,57,22.80701754385965,10.526315789473685,3.508771929824561,28.07017543859649,3.508771929824561,1.7543859649122806,3.508771929824561,0.0,0.0,7.017543859649122,0.0,0.75,1,1,11tr1.txt
10,6,1,8,1,2,1,0,0,0,0,48,20.833333333333332,12.5,2.0833333333333335,16.666666666666668,2.0833333333333335,4.166666666666667,2.0833333333333335,0.0,0.0,0.0,0.0,0.8571428571428571,2,1,12tr1.txt
16,6,3,10,3,1,4,0,1,2,1,81,19.753086419753085,7.407407407407407,3.7037037037037037,12.345679012345679,3.7037037037037037,1.2345679012345678,4.938271604938271,0.0,1.2345679012345678,2.4691358024691357,1.2345679012345678,0.6666666666666666,2,1,13tr1.txt
8,1,2,9,2,0,2,0,0,2,4,48,16.666666666666668,2.0833333333333335,4.166666666666667,18.75,4.166666666666667,0.0,4.166666666666667,0.0,0.0,4.166666666666667,8.333333333333334,0.3333333333333333,1,1,14tr1.txt
15,8,1,7,4,1,0,1,0,1,0,65,23.076923076923077,12.307692307692308,1.5384615384615385,10.76923076923077,6.153846153846154,1.5384615384615385,0.0,1.5384615384615385,0.0,1.5384615384615385,0.0,0.8888888888888888,3,1,15tr1.txt
14,5,4,14,3,1,2,0,0,2,0,76,18.42105263157895,6.578947368421052,5.2631578947368425,18.42105263157895,3.9473684210526314,1.3157894736842106,2.6315789473684212,0.0,0.0,2.6315789473684212,0.0,0.5555555555555556,0,1,16tr1.txt
8,6,1,10,3,1,2,0,0,0,1,47,17.02127659574468,12.76595744680851,2.127659574468085,21.27659574468085,6.382978723404255,2.127659574468085,4.25531914893617,0.0,0.0,0.0,2.127659574468085,0.8571428571428571,1,1,17tr1.txt
7,3,4,20,3,0,4,0,1,2,0,107,6.542056074766355,2.803738317757009,3.7383177570093458,18.69158878504673,2.803738317757009,0.0,3.7383177570093458,0.0,0.9345794392523364,1.8691588785046729,0.0,0.42857142857142855,1,1,18tr1.txt
17,4,2,22,2,1,3,0,0,3,1,90,18.88888888888889,4.444444444444445,2.2222222222222223,24.444444444444443,2.2222222222222223,1.1111111111111112,3.3333333333333335,0.0,0.0,3.3333333333333335,1.1111111111111112,0.6666666666666666,1,1,19tr1.txt
11,6,2,8,6,1,1,0,0,0,1,69,15.942028985507246,8.695652173913043,2.898550724637681,11.594202898550725,8.695652173913043,1.4492753623188406,1.4492753623188406,0.0,0.0,0.0,1.4492753623188406,0.75,2,1,1tr1.txt
14,2,0,4,2,1,0,0,0,4,0,39,35.8974358974359,5.128205128205129,0.0,10.256410256410257,5.128205128205129,2.5641025641025643,0.0,0.0,0.0,10.256410256410257,0.0,1.0,2,1,20tr1.txt
17,9,4,16,5,1,2,0,0,3,0,105,16.19047619047619,8.571428571428571,3.8095238095238093,15.238095238095237,4.761904761904762,0.9523809523809523,1.9047619047619047,0.0,0.0,2.857142857142857,0.0,0.6923076923076923,1,1,21tr1.txt
7,5,0,7,0,1,1,0,0,1,0,31,22.580645161290324,16.129032258064516,0.0,22.580645161290324,0.0,3.225806451612903,3.225806451612903,0.0,0.0,3.225806451612903,0.0,1.0,0,1,22tr1.txt
13,8,2,6,4,0,1,0,0,1,0,61,21.311475409836067,13.114754098360656,3.278688524590164,9.836065573770492,6.557377049180328,0.0,1.639344262295082,0.0,0.0,1.639344262295082,0.0,0.8,1,1,23tr1.txt
14,7,3,8,4,0,0,0,0,2,0,54,25.925925925925927,12.962962962962964,5.555555555555555,14.814814814814815,7.407407407407407,0.0,0.0,0.0,0.0,3.7037037037037037,0.0,0.7,1,1,24tr1.txt
11,4,3,11,1,1,3,0,2,2,2,125,8.8,3.2,2.4,8.8,0.8,0.8,2.4,0.0,1.6,1.6,1.6,0.5714285714285714,1,1,25tr1.txt
10,6,2,15,0,0,2,0,0,2,5,78,12.820512820512821,7.6923076923076925,2.5641025641025643,19.23076923076923,0.0,0.0,2.5641025641025643,0.0,0.0,2.5641025641025643,6.410256410256411,0.75,1,1,26tr1.txt
13,9,2,6,1,1,1,0,0,1,0,55,23.636363636363637,16.363636363636363,3.6363636363636362,10.909090909090908,1.8181818181818181,1.8181818181818181,1.8181818181818181,0.0,0.0,1.8181818181818181,0.0,0.8181818181818182,0,1,27tr1.txt
18,9,2,11,6,1,1,0,0,0,0,71,25.35211267605634,12.67605633802817,2.816901408450704,15.492957746478874,8.450704225352112,1.408450704225352,1.408450704225352,0.0,0.0,0.0,0.0,0.8181818181818182,3,1,28tr1.txt
14,7,2,8,7,0,0,0,0,0,0,70,20.0,10.0,2.857142857142857,11.428571428571429,10.0,0.0,0.0,0.0,0.0,0.0,0.0,0.7777777777777778,1,1,29tr1.txt
13,5,3,5,4,0,2,0,0,5,0,59,22.033898305084747,8.474576271186441,5.084745762711864,8.474576271186441,6.779661016949152,0.0,3.389830508474576,0.0,0.0,8.474576271186441,0.0,0.625,1,1,2tr1.txt
12,5,3,18,0,2,3,1,0,1,0,73,16.438356164383563,6.8493150684931505,4.109589041095891,24.65753424657534,0.0,2.73972602739726,4.109589041095891,1.36986301369863,0.0,1.36986301369863,0.0,0.625,0,1,30tr1.txt
12,5,2,5,1,2,2,1,0,2,0,46,26.08695652173913,10.869565217391305,4.3478260869565215,10.869565217391305,2.1739130434782608,4.3478260869565215,4.3478260869565215,2.1739130434782608,0.0,4.3478260869565215,0.0,0.7142857142857143,1,1,31tr1.txt
11,11,2,7,2,1,0,0,0,0,0,40,27.5,27.5,5.0,17.5,5.0,2.5,0.0,0.0,0.0,0.0,0.0,0.8461538461538461,1,1,32tr1.txt
15,7,3,9,3,0,1,0,0,3,1,51,29.41176470588235,13.72549019607843,5.882352941176471,17.647058823529413,5.882352941176471,0.0,1.9607843137254901,0.0,0.0,5.882352941176471,1.9607843137254901,0.7,1,1,33tr1.txt
15,10,2,15,3,2,1,0,0,1,1,68,22.058823529411764,14.705882352941176,2.9411764705882355,22.058823529411764,4.411764705882353,2.9411764705882355,1.4705882352941178,0.0,0.0,1.4705882352941178,1.4705882352941178,0.8333333333333334,1,1,34tr1.txt
14,2,3,10,2,1,2,0,0,1,0,58,24.137931034482758,3.4482758620689653,5.172413793103448,17.24137931034483,3.4482758620689653,1.7241379310344827,3.4482758620689653,0.0,0.0,1.7241379310344827,0.0,0.4,0,1,35tr1.txt
12,6,3,8,1,1,1,0,0,1,2,80,15.0,7.5,3.75,10.0,1.25,1.25,1.25,0.0,0.0,1.25,2.5,0.6666666666666666,2,1,36tr1.txt
16,11,2,16,2,0,0,0,0,2,1,77,20.77922077922078,14.285714285714286,2.5974025974025974,20.77922077922078,2.5974025974025974,0.0,0.0,0.0,0.0,2.5974025974025974,1.2987012987012987,0.8461538461538461,1,1,37tr1.txt
14,6,2,16,3,0,2,0,0,1,0,61,22.950819672131146,9.836065573770492,3.278688524590164,26.229508196721312,4.918032786885246,0.0,3.278688524590164,0.0,0.0,1.639344262295082,0.0,0.75,2,1,38tr1.txt
14,9,1,6,3,0,0,0,0,1,0,51,27.45098039215686,17.647058823529413,1.9607843137254901,11.764705882352942,5.882352941176471,0.0,0.0,0.0,0.0,1.9607843137254901,0.0,0.9,1,1,39tr1.txt
19,8,2,23,4,3,3,1,0,4,0,83,22.89156626506024,9.63855421686747,2.4096385542168677,27.710843373493976,4.819277108433735,3.6144578313253013,3.6144578313253013,1.2048192771084338,0.0,4.819277108433735,0.0,0.8,3,1,3tr1.txt
13,5,1,5,1,0,1,0,0,2,0,39,33.333333333333336,12.820512820512821,2.5641025641025643,12.820512820512821,2.5641025641025643,0.0,2.5641025641025643,0.0,0.0,5.128205128205129,0.0,0.8333333333333334,1,1,40tr1.txt
14,4,3,8,5,0,1,0,0,1,0,62,22.580645161290324,6.451612903225806,4.838709677419355,12.903225806451612,8.064516129032258,0.0,1.6129032258064515,0.0,0.0,1.6129032258064515,0.0,0.5714285714285714,1,1,41tr1.txt
9,5,1,6,3,0,0,0,0,1,3,40,22.5,12.5,2.5,15.0,7.5,0.0,0.0,0.0,0.0,2.5,7.5,0.8333333333333334,1,1,42tr1.txt
16,3,3,6,3,1,1,0,0,1,1,70,22.857142857142858,4.285714285714286,4.285714285714286,8.571428571428571,4.285714285714286,1.4285714285714286,1.4285714285714286,0.0,0.0,1.4285714285714286,1.4285714285714286,0.5,2,1,43tr1.txt
13,7,2,13,3,3,2,1,0,2,1,65,20.0,10.76923076923077,3.076923076923077,20.0,4.615384615384615,4.615384615384615,3.076923076923077,1.5384615384615385,0.0,3.076923076923077,1.5384615384615385,0.7777777777777778,3,1,44tr1.txt
12,5,2,12,2,0,1,0,0,2,0,47,25.53191489361702,10.638297872340425,4.25531914893617,25.53191489361702,4.25531914893617,0.0,2.127659574468085,0.0,0.0,4.25531914893617,0.0,0.7142857142857143,0,1,45tr1.txt
4,0,0,9,0,0,1,0,0,0,3,32,12.5,0.0,0.0,28.125,0.0,0.0,3.125,0.0,0.0,0.0,9.375,0.0,0,1,46tr1.txt
10,7,0,9,0,0,3,0,0,1,0,40,25.0,17.5,0.0,22.5,0.0,0.0,7.5,0.0,0.0,2.5,0.0,1.0,0,1,47tr1.txt
10,7,1,12,0,0,1,0,0,3,0,43,23.25581395348837,16.27906976744186,2.3255813953488373,27.906976744186046,0.0,0.0,2.3255813953488373,0.0,0.0,6.976744186046512,0.0,0.875,0,1,48tr1.txt
13,8,3,15,2,1,0,2,0,3,0,57,22.80701754385965,14.035087719298245,5.2631578947368425,26.31578947368421,3.508771929824561,1.7543859649122806,0.0,3.508771929824561,0.0,5.2631578947368425,0.0,0.7272727272727273,1,1,49tr1.txt
13,7,2,17,4,1,2,1,0,1,0,74,17.56756756756757,9.45945945945946,2.7027027027027026,22.972972972972972,5.405405405405405,1.3513513513513513,2.7027027027027026,1.3513513513513513,0.0,1.3513513513513513,0.0,0.7777777777777778,2,1,4tr1.txt
12,5,2,6,1,1,1,1,0,1,0,61,19.672131147540984,8.19672131147541,3.278688524590164,9.836065573770492,1.639344262295082,1.639344262295082,1.639344262295082,1.639344262295082,0.0,1.639344262295082,0.0,0.7142857142857143,1,1,50tr1.txt
14,6,3,12,3,0,2,0,1,0,1,77,18.181818181818183,7.792207792207792,3.896103896103896,15.584415584415584,3.896103896103896,0.0,2.5974025974025974,0.0,1.2987012987012987,0.0,1.2987012987012987,0.6666666666666666,1,1,51tr1.txt
9,4,2,13,3,1,2,0,0,3,2,63,14.285714285714286,6.349206349206349,3.1746031746031744,20.634920634920636,4.761904761904762,1.5873015873015872,3.1746031746031744,0.0,0.0,4.761904761904762,3.1746031746031744,0.6666666666666666,0,1,52tr1.txt
16,4,3,6,1,0,1,0,0,4,0,57,28.07017543859649,7.017543859649122,5.2631578947368425,10.526315789473685,1.7543859649122806,0.0,1.7543859649122806,0.0,0.0,7.017543859649122,0.0,0.5714285714285714,2,1,53tr1.txt
13,9,1,15,2,2,2,0,0,6,0,94,13.829787234042554,9.574468085106384,1.0638297872340425,15.957446808510639,2.127659574468085,2.127659574468085,2.127659574468085,0.0,0.0,6.382978723404255,0.0,0.9,1,1,54tr1.txt
14,1,0,9,3,4,1,0,1,0,5,73,19.17808219178082,1.36986301369863,0.0,12.32876712328767,4.109589041095891,5.47945205479452,1.36986301369863,0.0,1.36986301369863,0.0,6.8493150684931505,1.0,2,1,55tr1.txt
15,4,1,5,2,1,0,1,0,2,0,34,44.11764705882353,11.764705882352942,2.9411764705882355,14.705882352941176,5.882352941176471,2.9411764705882355,0.0,2.9411764705882355,0.0,5.882352941176471,0.0,0.8,2,1,56tr1.txt
11,10,1,7,1,0,1,0,0,7,0,49,22.448979591836736,20.408163265306122,2.0408163265306123,14.285714285714286,2.0408163265306123,0.0,2.0408163265306123,0.0,0.0,14.285714285714286,0.0,0.9090909090909091,2,1,57tr1.txt
4,3,0,2,0,0,0,0,0,1,0,12,33.333333333333336,25.0,0.0,16.666666666666668,0.0,0.0,0.0,0.0,0.0,8.333333333333334,0.0,1.0,0,1,58tr1.txt
7,1,0,1,0,1,0,0,0,1,0,19,36.8421052631579,5.2631578947368425,0.0,5.2631578947368425,0.0,5.2631578947368425,0.0,0.0,0.0,5.2631578947368425,0.0,1.0,1,1,59tr1.txt
16,11,3,13,2,2,2,0,0,1,0,81,19.753086419753085,13.580246913580247,3.7037037037037037,16.049382716049383,2.4691358024691357,2.4691358024691357,2.4691358024691357,0.0,0.0,1.2345679012345678,0.0,0.7857142857142857,2,1,5tr1.txt
14,9,3,19,3,4,3,0,0,2,0,101,13.861386138613861,8.910891089108912,2.9702970297029703,18.81188118811881,2.9702970297029703,3.9603960396039604,2.9702970297029703,0.0,0.0,1.9801980198019802,0.0,0.75,1,1,60tr1.txt
13,4,3,13,4,1,2,0,0,5,3,61,21.311475409836067,6.557377049180328,4.918032786885246,21.311475409836067,6.557377049180328,1.639344262295082,3.278688524590164,0.0,0.0,8.19672131147541,4.918032786885246,0.5714285714285714,2,1,61tr1.txt
13,8,2,10,3,0,0,0,0,0,2,54,24.074074074074073,14.814814814814815,3.7037037037037037,18.51851851851852,5.555555555555555,0.0,0.0,0.0,0.0,0.0,3.7037037037037037,0.8,1,1,62tr1.txt
14,9,3,10,4,1,0,0,0,2,0,81,17.28395061728395,11.11111111111111,3.7037037037037037,12.345679012345679,4.938271604938271,1.2345679012345678,0.0,0.0,0.0,2.4691358024691357,0.0,0.75,3,1,63tr1.txt
12,5,1,7,3,2,2,1,0,1,0,42,28.571428571428573,11.904761904761905,2.380952380952381,16.666666666666668,7.142857142857143,4.761904761904762,4.761904761904762,2.380952380952381,0.0,2.380952380952381,0.0,0.8333333333333334,2,1,64tr1.txt
12,9,3,11,3,1,0,0,0,3,0,54,22.22222222222222,16.666666666666668,5.555555555555555,20.37037037037037,5.555555555555555,1.8518518518518519,0.0,0.0,0.0,5.555555555555555,0.0,0.75,2,1,65tr1.txt
12,1,0,3,0,1,2,0,0,1,0,29,41.37931034482759,3.4482758620689653,0.0,10.344827586206897,0.0,3.4482758620689653,6.896551724137931,0.0,0.0,3.4482758620689653,0.0,1.0,0,1,66tr1.txt
6,3,3,17,1,2,2,0,0,2,6,59,10.169491525423728,5.084745762711864,5.084745762711864,28.8135593220339,1.694915254237288,3.389830508474576,3.389830508474576,0.0,0.0,3.389830508474576,10.169491525423728,0.5,1,1,67tr1.txt
8,5,2,15,1,1,4,2,0,0,2,102,7.8431372549019605,4.901960784313726,1.9607843137254901,14.705882352941176,0.9803921568627451,0.9803921568627451,3.9215686274509802,1.9607843137254901,0.0,0.0,1.9607843137254901,0.7142857142857143,1,1,68tr1.txt
8,5,0,9,0,0,2,1,0,2,0,28,28.571428571428573,17.857142857142858,0.0,32.142857142857146,0.0,0.0,7.142857142857143,3.5714285714285716,0.0,7.142857142857143,0.0,1.0,0,1,69tr1.txt
7,5,1,11,1,2,2,1,0,1,0,50,14.0,10.0,2.0,22.0,2.0,4.0,4.0,2.0,0.0,2.0,0.0,0.8333333333333334,1,1,6tr1.txt
17,5,2,14,3,2,2,0,0,2,0,65,26.153846153846153,7.6923076923076925,3.076923076923077,21.53846153846154,4.615384615384615,3.076923076923077,3.076923076923077,0.0,0.0,3.076923076923077,0.0,0.7142857142857143,2,1,70tr1.txt
11,5,3,15,5,1,2,0,1,2,4,70,15.714285714285714,7.142857142857143,4.285714285714286,21.428571428571427,7.142857142857143,1.4285714285714286,2.857142857142857,0.0,1.4285714285714286,2.857142857142857,5.714285714285714,0.625,1,1,7tr1.txt
14,3,2,8,1,2,2,0,0,2,0,56,25.0,5.357142857142857,3.5714285714285716,14.285714285714286,1.7857142857142858,3.5714285714285716,3.5714285714285716,0.0,0.0,3.5714285714285716,0.0,0.6,0,1,8tr1.txt
13,1,0,1,1,1,1,0,0,0,0,24,54.166666666666664,4.166666666666667,0.0,4.166666666666667,4.166666666666667,4.166666666666667,4.166666666666667,0.0,0.0,0.0,0.0,1.0,0,1,9tr1.txt
